datetime,open,high,low,close,volume
2024-10-29T00:00:00.000,69962.21,71587.88,69760.0,71452.01,18985.23669
2024-10-29T12:00:00.000,71452.02,73620.12,70929.0,72736.42,31143.36925
2024-10-30T00:00:00.000,72736.41,72785.72,71926.82,71983.99,9868.85743
2024-10-30T12:00:00.000,71984.0,72961.0,71436.0,72344.74,17017.13313
2024-10-31T00:00:00.000,72344.75,72700.0,72030.08,72226.0,8385.60352
2024-10-31T12:00:00.000,72226.0,72276.0,69685.76,70292.01,20966.49945
2024-11-01T00:00:00.000,70292.01,70470.0,68830.0,70002.01,14834.84323
2024-11-01T12:00:00.000,70002.01,71632.95,68820.14,69496.01,23467.02432
2024-11-02T00:00:00.000,69496.0,69914.37,69417.88,69608.0,4466.72739
2024-11-02T12:00:00.000,69608.0,69711.59,69000.14,69374.74,6054.94504
2024-11-03T00:00:00.000,69374.74,69391.0,67864.16,68358.86,10268.85459
2024-11-03T12:00:00.000,68358.86,69358.0,67478.73,68775.99,14726.84784
2024-11-04T00:00:00.000,68775.99,69500.0,68240.61,68792.71,9346.75872
2024-11-04T12:00:00.000,68792.72,69264.52,66835.0,67850.01,20453.63315
2024-11-05T00:00:00.000,67850.01,69100.0,67476.63,68810.03,10264.12522
2024-11-05T12:00:00.000,68810.03,70577.91,68666.0,69372.01,23090.94366
2024-11-06T00:00:00.000,69372.01,75407.1,69298.0,74272.01,69486.487448
2024-11-06T12:00:00.000,74272.0,76400.0,73488.0,75571.99,34640.507339
2024-11-07T00:00:00.000,75571.99,76022.79,74416.0,74746.0,16371.79185
2024-11-07T12:00:00.000,74745.99,76849.99,74512.19,75857.89,28497.630495
2024-11-08T00:00:00.000,75857.89,76358.0,75555.0,75934.46,12739.18731
2024-11-08T12:00:00.000,75934.47,77199.99,75630.76,76509.78,23781.912273
2024-11-09T00:00:00.000,76509.78,76795.69,76136.0,76487.11,7279.82781
2024-11-09T12:00:00.000,76487.11,76900.0,75714.66,76677.46,9662.25134
2024-11-10T00:00:00.000,76677.46,80040.0,76492.0,79844.01,29158.746539
2024-11-10T12:00:00.000,79844.0,81500.0,78473.13,80370.01,32671.353896
2024-11-11T00:00:00.000,80370.01,82380.94,80216.01,82134.0,21932.275443
2024-11-11T12:00:00.000,82133.99,89530.54,81460.19,88647.99,60391.390333
2024-11-12T00:00:00.000,88648.0,89940.0,85229.0,87155.55,54386.650421
2024-11-12T12:00:00.000,87155.55,89876.94,85072.0,87952.01,42913.23749
2024-11-13T00:00:00.000,87952.0,88562.94,86127.99,87669.39,25553.54609
2024-11-13T12:00:00.000,87669.4,93265.64,87502.49,90375.2,61210.308037
2024-11-14T00:00:00.000,90375.21,91657.77,89104.54,91491.86,21683.46254
2024-11-14T12:00:00.000,91491.85,91790.0,86668.21,87325.59,35046.04832
2024-11-15T00:00:00.000,87325.59,89771.99,87073.38,89741.25,19556.95645
2024-11-15T12:00:00.000,89741.24,91850.0,87754.45,91032.07,28370.99423
2024-11-16T00:00:00.000,91032.08,91779.66,90850.0,91169.69,11250.93201
2024-11-16T12:00:00.000,91169.69,91396.03,90056.17,90586.92,11466.94488
2024-11-17T00:00:00.000,90587.98,91449.99,89364.0,90684.19,11853.93479
2024-11-17T12:00:00.000,90684.19,91189.88,88722.0,89855.99,12013.6213
2024-11-18T00:00:00.000,89855.98,92300.0,89617.96,90275.13,16119.49403
2024-11-18T12:00:00.000,90275.13,92594.0,89376.9,90464.08,30425.54045
2024-11-19T00:00:00.000,90464.07,92000.0,90357.0,91652.02,11200.01746
2024-11-19T12:00:00.000,91652.01,93905.51,90975.8,92310.79,32460.02936
2024-11-20T00:00:00.000,92310.8,93669.98,91500.0,93454.65,13790.15142
2024-11-20T12:00:00.000,93454.65,94831.97,93138.0,94286.56,28413.047292
2024-11-21T00:00:00.000,94286.56,98384.86,94040.0,97974.99,32608.142354
2024-11-21T12:00:00.000,97975.0,98988.0,95600.0,98317.12,36620.218123
2024-11-22T00:00:00.000,98317.12,99419.99,97840.0,98870.38,20456.088533
2024-11-22T12:00:00.000,98870.39,99588.01,97122.11,98892.0,25733.22071
2024-11-23T00:00:00.000,98892.0,98908.85,98284.61,98429.99,10455.44573
2024-11-23T12:00:00.000,98430.0,98847.68,97136.0,97672.4,14302.39794
2024-11-24T00:00:00.000,97672.4,98564.0,97239.29,97280.03,11179.85325
2024-11-24T12:00:00.000,97280.04,98369.46,95734.77,97900.04,20021.12513
2024-11-25T00:00:00.000,97900.05,98871.8,96888.0,98188.09,14264.7103
2024-11-25T12:00:00.000,98188.09,98313.08,92600.19,93010.01,36582.74066
2024-11-26T00:00:00.000,93010.01,94973.37,91466.52,92356.85,24560.62215
2024-11-26T12:00:00.000,92356.84,94685.6,90791.1,91965.16,33298.10923
2024-11-27T00:00:00.000,91965.16,93885.6,91792.14,93367.99,14389.86419
2024-11-27T12:00:00.000,93367.99,97208.21,92847.84,95863.11,26763.56315
2024-11-28T00:00:00.000,95863.11,96564.0,94640.0,95452.01,16042.72759
2024-11-28T12:00:00.000,95452.0,96221.8,94698.0,95643.98,12771.81598
2024-11-29T00:00:00.000,95643.99,97358.21,95364.99,97237.91,10290.19427
2024-11-29T12:00:00.000,97237.91,98619.99,96768.0,97460.0,17411.58804
2024-11-30T00:00:00.000,97460.0,97463.95,96092.01,96267.99,8895.58092
2024-11-30T12:00:00.000,96267.99,97062.5,96242.14,96407.99,5608.25214
2024-12-01T00:00:00.000,96407.99,97179.04,95693.88,97108.89,7710.30342
2024-12-01T12:00:00.000,97108.89,97836.0,96660.88,97185.18,9228.3011
2024-12-02T00:00:00.000,97185.17,98130.0,94820.41,95128.68,17071.25597
2024-12-02T12:00:00.000,95128.67,97356.69,94395.0,95840.62,20887.41384
2024-12-03T00:00:00.000,95840.61,96305.52,94595.38,94988.01,11238.33589
2024-12-03T12:00:00.000,94988.0,96250.0,93578.17,95849.69,24588.98694
2024-12-04T00:00:00.000,95849.69,96950.0,95224.17,96190.41,12175.85621
2024-12-04T12:00:00.000,96190.41,99000.0,94587.83,98587.32,31674.68107
2024-12-05T00:00:00.000,98587.32,104088.0,97888.89,102566.91,53846.928752
2024-12-05T12:00:00.000,102566.91,103550.0,90500.0,96945.63,56074.80091
2024-12-06T00:00:00.000,96945.63,98828.7,95981.72,98069.62,20611.46469
2024-12-06T12:00:00.000,98069.61,101898.99,97512.26,99740.84,24438.06841
2024-12-07T00:00:00.000,99740.84,100428.0,98844.0,99620.0,8347.69612
2024-12-07T12:00:00.000,99620.0,100439.18,99036.01,99831.99,6584.24978
2024-12-08T00:00:00.000,99831.99,100328.88,98657.7,99701.16,5835.96635
2024-12-08T12:00:00.000,99701.17,101351.0,99357.16,101109.59,8777.03053
2024-12-09T00:00:00.000,101109.6,101215.93,98035.57,98088.47,16527.56218
2024-12-09T12:00:00.000,98088.47,100421.8,94150.05,97276.47,37421.55377
2024-12-10T00:00:00.000,97276.48,98138.0,95565.41,97722.52,16552.11189
2024-12-10T12:00:00.000,97722.53,98270.0,94256.54,96593.0,35156.57744
2024-12-11T00:00:00.000,96593.0,98472.57,95658.24,98292.61,12899.50292
2024-12-11T12:00:00.000,98292.61,101888.0,98072.33,101125.0,24854.27999
2024-12-12T00:00:00.000,101125.0,101829.0,100178.32,100358.42,10195.38755
2024-12-12T12:00:00.000,100358.42,102540.0,99311.64,100004.29,19036.6999
2024-12-13T00:00:00.000,100004.29,100789.0,99205.0,100353.37,8152.17847
2024-12-13T12:00:00.000,100353.37,101895.26,99700.0,101424.25,13751.86076
2024-12-14T00:00:00.000,101424.24,102650.0,101148.35,101583.99,7703.85877
2024-12-14T12:00:00.000,101584.0,101742.43,100609.41,101420.0,6487.84449
2024-12-15T00:00:00.000,101420.0,102850.0,101237.14,102671.44,7608.85063
2024-12-15T12:00:00.000,102671.44,105250.0,102473.01,104463.99,14620.071145
2024-12-16T00:00:00.000,104463.99,106648.0,103625.78,103757.99,15859.380966
2024-12-16T12:00:00.000,103758.0,107793.07,103333.0,106058.66,25443.021774
2024-12-17T00:00:00.000,106058.65,107550.02,105657.34,106808.31,10443.65134
2024-12-17T12:00:00.000,106808.31,108353.0,105321.49,106133.74,18621.285126
2024-12-18T00:00:00.000,106133.74,106524.98,103137.82,105028.33,15969.21803
2024-12-18T12:00:00.000,105028.33,105350.0,100000.0,100204.01,34338.77952
2024-12-19T00:00:00.000,100204.01,102609.72,98802.0,102449.99,18285.09169
2024-12-19T12:00:00.000,102450.0,102800.11,95700.0,97461.86,36862.30631
2024-12-20T00:00:00.000,97461.86,98233.0,92612.1,92723.98,34592.61873
2024-12-20T12:00:00.000,92723.99,97816.44,92232.54,97805.44,28291.51697
2024-12-21T00:00:00.000,97805.44,99540.61,97188.09,98262.08,11780.73825
2024-12-21T12:00:00.000,98262.08,98283.95,96398.39,97291.99,11702.80318
2024-12-22T00:00:00.000,97292.0,97448.08,95890.28,97101.28,7014.93301
2024-12-22T12:00:00.000,97101.29,97300.0,94250.35,95186.27,12338.89735
2024-12-23T00:00:00.000,95186.28,96538.92,93700.42,95932.42,12968.42992
2024-12-23T12:00:00.000,95932.41,96423.0,92520.0,94881.47,19842.33711
2024-12-24T00:00:00.000,94881.47,94881.47,93569.02,94398.6,7071.41761
2024-12-24T12:00:00.000,94398.6,99487.99,94075.1,98663.58,16602.80727
2024-12-25T00:00:00.000,98663.58,99349.31,97725.27,97907.61,6828.03117
2024-12-25T12:00:00.000,97907.61,99569.15,97632.02,99429.6,7646.13393
2024-12-26T00:00:00.000,99429.61,99963.7,95199.14,95695.81,11934.2258
2024-12-26T12:00:00.000,95695.81,96621.95,95234.93,95791.6,9258.14147
2024-12-27T00:00:00.000,95791.6,97544.58,94646.03,96952.38,12499.28169
2024-12-27T12:00:00.000,96952.38,97035.8,93500.01,94299.03,14001.9826
2024-12-28T00:00:00.000,94299.03,94883.0,94135.66,94754.83,3376.38767
2024-12-28T12:00:00.000,94754.83,95733.99,94375.8,95300.0,5009.50523
2024-12-29T00:00:00.000,95300.0,95340.0,94808.0,95032.57,2717.54538
2024-12-29T12:00:00.000,95032.58,95231.58,93009.52,93738.2,10858.4604
2024-12-30T00:00:00.000,93738.19,94274.29,93240.03,93923.14,7022.51534
2024-12-30T12:00:00.000,93923.14,95024.5,91530.45,92792.05,20596.90716
2024-12-31T00:00:00.000,92792.05,94741.68,92033.73,94232.68,8312.46768
2024-12-31T12:00:00.000,94232.68,96250.0,93189.59,93576.0,11299.56621
2025-01-01T00:00:00.000,93576.0,94509.42,92888.0,93444.64,4666.64329
2025-01-01T12:00:00.000,93444.65,95151.15,93407.07,94591.79,5706.68284
2025-01-02T00:00:00.000,94591.78,96876.38,94392.0,96732.99,8850.09712
2025-01-02T12:00:00.000,96733.0,97839.5,95924.6,96984.79,13120.39236
2025-01-03T00:00:00.000,96984.79,97342.44,96100.01,96757.58,4688.19334
2025-01-03T12:00:00.000,96757.57,98976.91,96472.43,98174.18,10565.63602
2025-01-04T00:00:00.000,98174.17,98350.04,97532.58,97889.39,4206.95817
2025-01-04T12:00:00.000,97889.4,98778.43,97514.79,98220.5,4783.09834
2025-01-05T00:00:00.000,98220.51,98522.76,97600.0,97641.63,2921.18336
2025-01-05T12:00:00.000,97641.62,98836.85,97276.79,98363.61,5174.45387
2025-01-06T00:00:00.000,98363.61,99892.0,97920.0,99259.99,8457.31501
2025-01-06T12:00:00.000,99259.99,102480.0,98711.94,102235.6,16806.11874
2025-01-07T00:00:00.000,102235.6,102724.38,100472.45,100830.86,7085.05869
2025-01-07T12:00:00.000,100830.86,100960.06,96181.81,96954.61,24974.81668
2025-01-08T00:00:00.000,96954.6,97268.65,94543.86,95134.92,12592.18911
2025-01-08T12:00:00.000,95134.92,96079.32,92500.9,95060.61,21112.48983
2025-01-09T00:00:00.000,95060.61,95382.32,92750.0,93465.23,12818.39184
2025-01-09T12:00:00.000,93465.23,94685.25,91203.67,92552.49,21726.44501
2025-01-10T00:00:00.000,92552.49,95293.4,92431.73,95073.95,9376.89177
2025-01-10T12:00:00.000,95073.95,95836.0,92206.02,94726.11,22105.97247
2025-01-11T00:00:00.000,94726.1,94791.67,93831.73,94625.65,3275.08476
2025-01-11T12:00:00.000,94625.66,95050.94,93984.55,94599.99,3772.81954
2025-01-12T00:00:00.000,94599.99,94699.0,93711.19,94255.1,3081.98303
2025-01-12T12:00:00.000,94255.1,95450.1,93800.0,94545.06,5524.88319
2025-01-13T00:00:00.000,94545.07,95940.0,90833.12,90851.22,16209.04058
2025-01-13T12:00:00.000,90851.23,94727.15,89256.69,94536.1,26410.52365
2025-01-14T00:00:00.000,94536.11,97371.0,94346.22,96548.04,12157.87109
2025-01-14T12:00:00.000,96548.04,97265.48,95351.76,96560.86,15688.74644
2025-01-15T00:00:00.000,96560.85,97724.96,96500.0,96762.18,9012.53178
2025-01-15T12:00:00.000,96762.19,100681.94,96539.77,100497.35,21497.46001
2025-01-16T00:00:00.000,100497.35,100866.66,98617.55,99158.71,10961.10791
2025-01-16T12:00:00.000,99158.7,100641.99,97335.13,99987.3,16871.74526
2025-01-17T00:00:00.000,99987.3,102581.45,99950.77,102237.6,15470.51261
2025-01-17T12:00:00.000,102237.6,105865.22,102195.9,104077.48,23701.34031
2025-01-18T00:00:00.000,104077.47,104656.87,102277.55,103589.29,12570.07246
2025-01-18T12:00:00.000,103589.29,104988.88,103107.65,104556.23,11737.75752
2025-01-19T00:00:00.000,104556.23,105634.78,103450.69,104363.23,15952.72168
2025-01-19T12:00:00.000,104363.24,106422.43,99651.6,101331.57,27444.5613
2025-01-20T00:00:00.000,101331.57,109588.0,99550.0,108239.19,44154.745752
2025-01-20T12:00:00.000,108239.19,108700.01,100333.0,102260.01,45374.48598
2025-01-21T00:00:00.000,102260.0,103973.02,100119.04,103758.25,21769.5123
2025-01-21T12:00:00.000,103758.25,107240.81,102803.43,106143.82,24171.50772
2025-01-22T00:00:00.000,106143.82,106394.46,104647.75,105100.39,8921.8657
2025-01-22T12:00:00.000,105100.38,105584.23,103339.12,103706.66,13326.82684
2025-01-23T00:00:00.000,103706.66,103819.99,101262.28,101944.49,12096.42392
2025-01-23T12:00:00.000,101944.5,106850.0,101281.62,103910.34,41856.69639
2025-01-24T00:00:00.000,103910.35,105759.0,102750.0,105420.1,9908.1248
2025-01-24T12:00:00.000,105420.11,107120.0,104456.89,104870.5,13701.11537
2025-01-25T00:00:00.000,104870.51,105280.82,104106.09,104670.99,4691.65981
2025-01-25T12:00:00.000,104670.99,105286.52,104449.75,104746.85,4376.66396
2025-01-26T00:00:00.000,104746.86,105500.0,104444.01,104818.69,3885.12137
2025-01-26T12:00:00.000,104818.68,105260.36,102520.44,102620.0,5927.39101
2025-01-27T00:00:00.000,102620.01,103260.0,97777.77,98761.13,27795.91057
2025-01-27T12:00:00.000,98761.12,102405.0,98714.28,102082.83,22962.22353
2025-01-28T00:00:00.000,102082.83,103371.24,101334.55,102762.01,8376.29597
2025-01-28T12:00:00.000,102762.02,103800.0,100272.68,101335.52,13645.76168
2025-01-29T00:00:00.000,101335.52,103000.0,101328.01,102646.0,5670.30357
2025-01-29T12:00:00.000,102646.0,104782.68,101400.01,103733.24,17485.05445
2025-01-30T00:00:00.000,103733.25,105595.81,103278.54,105300.63,8362.20394
2025-01-30T12:00:00.000,105300.63,106457.44,104660.0,104722.94,11011.87078
2025-01-31T00:00:00.000,104722.94,105029.72,103930.09,104736.0,6372.29674
2025-01-31T12:00:00.000,104736.01,106012.0,101560.0,102429.56,15610.88519
2025-02-01T00:00:00.000,102429.56,102783.71,101412.0,102028.81,4891.7059
2025-02-01T12:00:00.000,102028.82,102329.01,100279.51,100635.65,7399.25157
2025-02-02T00:00:00.000,100635.66,101456.6,98645.0,98864.6,12151.35306
2025-02-02T12:00:00.000,98864.6,99439.05,96150.0,97700.59,22468.14633
2025-02-03T00:00:00.000,97700.59,97782.79,91231.0,95107.89,43805.43381
2025-02-03T12:00:00.000,95107.89,102500.01,94131.14,101328.52,31359.30469
2025-02-04T00:00:00.000,101328.51,101732.31,97860.0,98967.7,15862.24199
2025-02-04T12:00:00.000,98967.7,100777.93,96150.0,97763.13,24405.74498
2025-02-05T00:00:00.000,97763.14,98930.44,97131.43,98198.0,10401.48292
2025-02-05T12:00:00.000,98198.0,99149.0,96155.0,96612.43,15831.82152
2025-02-06T00:00:00.000,96612.44,99120.0,96430.78,98877.99,7357.04632
2025-02-06T12:00:00.000,98877.99,99040.09,95676.64,96554.35,16158.15773
2025-02-07T00:00:00.000,96554.35,97883.12,96409.65,97750.0,7853.72783
2025-02-07T12:00:00.000,97749.99,100137.99,95620.34,96506.8,23940.49282
2025-02-08T00:00:00.000,96506.8,96880.0,95785.09,96120.0,4959.88432
2025-02-08T12:00:00.000,96120.0,96750.0,95688.0,96444.74,5187.35862
2025-02-09T00:00:00.000,96444.75,97323.09,96360.14,96554.01,5005.34712
2025-02-09T12:00:00.000,96554.01,96760.0,94713.0,96462.75,9115.56901
2025-02-10T00:00:00.000,96462.75,97954.69,95256.0,97661.16,11678.61865
2025-02-10T12:00:00.000,97661.15,98345.0,96866.39,97430.82,8894.25672
2025-02-11T00:00:00.000,97430.82,98478.42,97416.62,98151.52,6315.30336
2025-02-11T12:00:00.000,98151.51,98158.89,94876.88,95778.2,12332.46043
2025-02-12T00:00:00.000,95778.21,96469.78,95100.0,96094.65,6643.5846
2025-02-12T12:00:00.000,96094.65,98119.99,94088.23,97869.99,22507.58165
2025-02-13T00:00:00.000,97870.0,98083.91,95599.57,95925.11,8665.92258
2025-02-13T12:00:00.000,95925.12,96774.71,95217.36,96608.14,11255.85358
2025-02-14T00:00:00.000,96608.13,97248.6,96356.41,96887.56,5346.71285
2025-02-14T12:00:00.000,96887.55,98826.0,96252.82,97500.48,12826.31361
2025-02-15T00:00:00.000,97500.47,97972.26,97223.58,97615.59,3410.04049
2025-02-15T12:00:00.000,97615.59,97962.51,97304.38,97569.66,3939.33634
2025-02-16T00:00:00.000,97569.67,97704.47,97061.58,97336.0,2868.78161
2025-02-16T12:00:00.000,97335.99,97336.0,96046.18,96118.12,5322.64329
2025-02-17T00:00:00.000,96118.12,96638.05,95800.0,96063.18,6875.1334
2025-02-17T12:00:00.000,96063.17,97046.59,95205.0,95780.0,9616.9117
2025-02-18T00:00:00.000,95780.01,96322.97,95050.0,95640.34,7262.01039
2025-02-18T12:00:00.000,95640.35,96753.91,93388.09,95671.74,16106.18432
2025-02-19T00:00:00.000,95671.74,96468.99,95029.99,96422.6,8011.72487
2025-02-19T12:00:00.000,96422.6,96899.99,95407.41,96644.37,8426.78467
2025-02-20T00:00:00.000,96644.37,97384.03,96415.09,97207.92,6654.20318
2025-02-20T12:00:00.000,97207.93,98711.36,96799.42,98305.0,10403.18859
2025-02-21T00:00:00.000,98305.01,98896.81,98084.06,98629.3,7830.81956
2025-02-21T12:00:00.000,98629.31,99475.0,94871.95,96181.98,24418.46184
2025-02-22T00:00:00.000,96181.99,96611.53,95770.49,96580.0,5702.52116
2025-02-22T12:00:00.000,96580.0,96980.0,96345.49,96551.01,5565.65592
2025-02-23T00:00:00.000,96551.01,96650.0,96083.33,96115.99,3795.41347
2025-02-23T12:00:00.000,96115.99,96332.44,95227.94,96258.0,7089.43566
2025-02-24T00:00:00.000,96258.0,96500.0,95078.01,95821.45,9003.12995
2025-02-24T12:00:00.000,95821.45,96095.32,91349.26,91552.88,22546.97304
2025-02-25T00:00:00.000,91552.88,92540.69,86888.1,89239.39,41172.22257
2025-02-25T12:00:00.000,89239.39,89544.4,86050.99,88680.4,37160.88854
2025-02-26T00:00:00.000,88680.39,89414.15,88138.0,88616.8,11524.25377
2025-02-26T12:00:00.000,88616.8,88674.0,82256.01,84250.09,45369.29032
2025-02-27T00:00:00.000,84250.09,87078.46,84026.96,86698.6,16497.63074
2025-02-27T12:00:00.000,86698.6,86795.9,82716.49,84708.58,26007.82365
2025-02-28T00:00:00.000,84708.57,84892.85,78258.52,80513.38,54055.90487
2025-02-28T12:00:00.000,80512.97,85120.0,80075.47,84349.94,29592.13482
2025-03-01T00:00:00.000,84349.95,86558.0,83824.78,84632.79,17113.85104
2025-03-01T12:00:00.000,84632.79,86262.74,84334.39,86064.53,8671.2036
2025-03-02T00:00:00.000,86064.54,86589.97,85531.87,86105.89,6700.94064
2025-03-02T12:00:00.000,86105.88,95000.0,85050.6,94270.0,48188.14981
2025-03-03T00:00:00.000,94269.99,94416.46,91142.0,92739.99,18789.53616
2025-03-03T12:00:00.000,92740.0,93721.37,85117.11,86220.61,40381.56602
2025-03-04T00:00:00.000,86221.16,86807.98,82464.84,83937.94,22689.90301
2025-03-04T12:00:00.000,83937.93,88967.52,81500.0,87281.98,32919.20405
2025-03-05T00:00:00.000,87281.98,90660.0,86334.53,89814.26,15404.92212
2025-03-05T12:00:00.000,89814.26,91000.0,87600.0,90606.01,22859.08951
2025-03-06T00:00:00.000,90606.0,92810.64,89986.73,91350.0,13726.12533
2025-03-06T12:00:00.000,91350.0,91457.03,87836.0,89931.89,20616.32369
2025-03-07T00:00:00.000,89931.88,91283.02,84667.03,88966.96,26012.94594
2025-03-07T12:00:00.000,88966.96,91100.0,85573.07,86801.75,31967.41119
2025-03-08T00:00:00.000,86801.74,86897.25,85218.47,85955.88,7176.69975
2025-03-08T12:00:00.000,85955.89,86627.51,85661.76,86222.45,5812.53079
2025-03-09T00:00:00.000,86222.46,86500.0,84625.01,85024.01,5582.28635
2025-03-09T12:00:00.000,85024.0,85058.34,80000.0,80734.37,20533.1071
2025-03-10T00:00:00.000,80734.48,84123.46,80037.62,83582.0,16185.06674
2025-03-10T12:00:00.000,83582.0,83771.94,77459.91,78595.86,31448.31731
2025-03-11T00:00:00.000,78595.86,82092.34,76606.0,81720.34,21287.86244
2025-03-11T12:00:00.000,81720.33,83617.4,79058.0,82932.99,27482.20609
2025-03-12T00:00:00.000,82932.99,83783.26,81296.0,83004.45,13652.06072
2025-03-12T12:00:00.000,83004.45,84539.85,80607.65,83680.12,18281.92528
2025-03-13T00:00:00.000,83680.12,84336.33,82400.04,82975.86,10051.45024
2025-03-13T12:00:00.000,82975.86,83900.0,79939.9,81115.78,17494.82388
2025-03-14T00:00:00.000,81115.78,83348.46,80818.84,83253.15,8108.64184
2025-03-14T12:00:00.000,83253.15,85309.71,82640.59,83983.2,18749.88571
2025-03-15T00:00:00.000,83983.19,84676.28,83618.0,84103.74,6140.29099
2025-03-15T12:00:00.000,84103.74,84499.74,84010.58,84338.44,5184.44221
2025-03-16T00:00:00.000,84338.44,84418.0,82381.46,82410.02,5161.34829
2025-03-16T12:00:00.000,82410.01,85117.04,81981.12,82574.53,12434.77702
2025-03-17T00:00:00.000,82574.52,83869.77,82523.0,83514.73,6481.25817
2025-03-17T12:00:00.000,83514.73,84756.83,82456.0,84010.03,10733.48541
2025-03-18T00:00:00.000,84010.02,84021.74,82244.68,82581.1,7878.59231
2025-03-18T12:00:00.000,82581.09,82821.6,81134.66,82715.03,9732.30652
2025-03-19T00:00:00.000,82715.03,84119.09,82547.16,83881.4,8197.03546
2025-03-19T12:00:00.000,83881.4,87000.0,83510.21,86845.94,19954.01828
2025-03-20T00:00:00.000,86845.93,87453.67,84755.14,85502.17,9744.90519
2025-03-20T12:00:00.000,85502.16,86532.04,83655.23,84223.39,12345.39944
2025-03-21T00:00:00.000,84223.38,84850.33,83700.47,84046.52,5046.14263
2025-03-21T12:00:00.000,84046.52,84584.0,83175.25,84088.79,6910.8318
2025-03-22T00:00:00.000,84088.79,84539.17,83989.58,84239.25,2633.51013
2025-03-22T12:00:00.000,84239.24,84320.0,83625.1,83840.59,2786.71101
2025-03-23T00:00:00.000,83840.59,85027.32,83809.75,84679.99,2910.23335
2025-03-23T12:00:00.000,84680.0,86129.64,84573.4,86082.5,5551.74478
2025-03-24T00:00:00.000,86082.5,87909.99,85519.09,87689.52,11483.19386
2025-03-24T12:00:00.000,87689.52,88765.43,87050.6,87498.16,18632.42725
2025-03-25T00:00:00.000,87498.16,87679.25,86310.0,87370.43,8573.78141
2025-03-25T12:00:00.000,87370.44,88539.63,86929.46,87392.87,14069.47107
2025-03-26T00:00:00.000,87392.88,88275.0,87030.56,87954.96,7645.66941
2025-03-26T12:00:00.000,87954.97,88000.0,85860.0,86909.17,10763.11544
2025-03-27T00:00:00.000,86909.17,87756.39,86787.0,86943.52,5862.05707
2025-03-27T12:00:00.000,86943.51,87728.27,85800.0,87232.01,11235.9819
2025-03-28T00:00:00.000,87232.01,87515.67,84800.0,85255.26,12533.5765
2025-03-28T12:00:00.000,85255.25,85609.74,83585.0,84424.38,14649.15519
2025-03-29T00:00:00.000,84424.38,84624.73,82007.0,82293.56,6268.4366
2025-03-29T12:00:00.000,82293.56,82882.01,81644.81,82648.54,5427.96204
2025-03-30T00:00:00.000,82648.53,83534.64,82500.0,83111.76,4050.20007
2025-03-30T12:00:00.000,83111.76,83268.05,81565.0,82389.99,5814.29501
2025-03-31T00:00:00.000,82390.0,82444.89,81278.52,82205.51,8988.24109
2025-03-31T12:00:00.000,82205.5,83943.08,81656.0,82550.01,11580.89776
2025-04-01T00:00:00.000,82550.0,84504.74,82432.74,83930.3,7843.62363
2025-04-01T12:00:00.000,83930.31,85579.46,82544.0,85158.34,12346.77334
2025-04-02T00:00:00.000,85158.35,85450.0,83904.72,84566.91,7184.02936
2025-04-02T12:00:00.000,84566.91,88500.0,82320.0,82516.29,32747.42764
2025-04-03T00:00:00.000,82516.28,83998.02,82175.98,83096.01,11284.55078
2025-04-03T12:00:00.000,83096.01,83332.2,81211.24,83213.09,16053.29057
2025-04-04T00:00:00.000,83213.09,84720.0,81659.0,82680.45,15816.10022
2025-04-04T12:00:00.000,82680.44,84620.01,81849.05,83889.87,17099.43954
2025-04-05T00:00:00.000,83889.87,84266.0,83297.66,83452.69,4219.99308
2025-04-05T12:00:00.000,83452.69,83688.0,82379.95,83537.99,5140.4116
2025-04-06T00:00:00.000,83537.99,83817.63,82666.0,82855.99,3422.6633
2025-04-06T12:00:00.000,82855.99,82981.14,77153.83,78430.0,24520.05106
2025-04-07T00:00:00.000,78430.0,79347.46,74508.0,76685.62,37303.24869
2025-04-07T12:00:00.000,76685.62,81243.58,75789.01,79163.24,41084.2822
2025-04-08T00:00:00.000,79163.24,80867.99,78772.14,79982.0,12501.82057
2025-04-08T12:00:00.000,79982.0,80375.0,76239.9,76322.42,22815.50006
2025-04-09T00:00:00.000,76322.42,77979.3,74620.0,76230.01,26818.71105
2025-04-09T12:00:00.000,76230.01,83588.0,76010.21,82615.22,48669.57667
2025-04-10T00:00:00.000,82615.22,82753.21,81292.99,81882.01,12166.70806
2025-04-10T12:00:00.000,81882.0,82466.35,78464.36,79607.3,21118.09912
2025-04-11T00:00:00.000,79607.3,82985.71,78969.58,82129.67,16028.20689
2025-04-11T12:00:00.000,82129.67,84300.0,81341.22,83423.84,18407.23108
2025-04-12T00:00:00.000,83423.83,84031.87,82792.95,83528.3,6342.84087
2025-04-12T12:00:00.000,83528.3,85905.0,83474.94,85276.9,12127.9035
2025-04-13T00:00:00.000,85276.91,86100.0,84216.15,84528.66,13530.48136
2025-04-13T12:00:00.000,84528.66,84990.22,83034.23,83760.0,11149.56045
2025-04-14T00:00:00.000,83760.0,85544.3,83678.0,84927.55,15444.14353
2025-04-14T12:00:00.000,84927.56,85799.99,83709.25,84591.58,13214.94995
2025-04-15T00:00:00.000,84591.58,86000.0,84347.97,85589.23,9013.40242
2025-04-15T12:00:00.000,85589.23,86496.42,83600.0,83643.99,11897.59286
2025-04-16T00:00:00.000,83643.99,84127.05,83111.64,84048.11,8367.96615
2025-04-16T12:00:00.000,84048.36,85500.0,83275.0,84030.38,12499.27904
2025-04-17T00:00:00.000,84030.38,85053.38,83814.48,84562.0,4792.48041
2025-04-17T12:00:00.000,84562.0,85470.01,83736.26,84947.91,8936.36731
2025-04-18T00:00:00.000,84947.92,85132.08,84413.23,84669.11,3937.88109
2025-04-18T12:00:00.000,84669.11,84769.95,84303.96,84474.69,2592.08206
2025-04-19T00:00:00.000,84474.7,85436.72,84364.45,85217.4,4743.53454
2025-04-19T12:00:00.000,85217.4,85677.99,84694.49,85077.01,4923.04699
2025-04-20T00:00:00.000,85077.0,85320.76,83949.52,84129.83,3935.64073
2025-04-20T12:00:00.000,84129.82,85298.0,84099.3,85179.24,4156.03652
2025-04-21T00:00:00.000,85179.24,87795.26,85144.76,86971.92,15698.98057
2025-04-21T12:00:00.000,86971.92,88465.99,86389.78,87516.23,16074.39205
2025-04-22T00:00:00.000,87516.22,88877.0,87076.03,88614.1,11329.68155
2025-04-22T12:00:00.000,88614.09,93888.0,88482.0,93442.99,32543.0655
2025-04-23T00:00:00.000,93442.99,94521.79,92580.18,93466.01,13278.20044
2025-04-23T12:00:00.000,93466.01,94696.05,91935.41,93691.08,14125.96764
2025-04-24T00:00:00.000,93691.07,93787.65,91660.01,92619.94,10138.56966
2025-04-24T12:00:00.000,92619.94,94005.0,92434.78,93980.47,9358.49105
2025-04-25T00:00:00.000,93980.47,94660.0,92855.96,94635.67,11454.45786
2025-04-25T12:00:00.000,94635.67,95758.04,93929.41,94638.68,16046.20862
2025-04-26T00:00:00.000,94638.68,95199.0,93990.6,94144.06,5700.24788
2025-04-26T12:00:00.000,94144.07,94888.0,93870.69,94628.0,3714.82087
2025-04-27T00:00:00.000,94628.0,95369.0,93655.0,93920.01,7127.61949
2025-04-27T12:00:00.000,93920.0,94545.45,93602.58,93749.3,4035.22151
2025-04-28T00:00:00.000,93749.29,95550.0,92800.01,95319.99,11410.52669
2025-04-28T12:00:00.000,95319.99,95630.0,93444.0,95011.18,10747.00682
2025-04-29T00:00:00.000,95011.18,95461.53,94200.0,95129.74,7823.23874
2025-04-29T12:00:00.000,95129.74,95459.99,93742.54,94256.82,9132.10146
2025-04-30T00:00:00.000,94256.82,95228.45,94136.48,95176.66,5273.85961
2025-04-30T12:00:00.000,95176.66,95214.9,92910.0,94172.0,12387.41549
2025-05-01T00:00:00.000,94172.0,96396.31,94130.43,96180.01,8994.87253
2025-05-01T12:00:00.000,96180.01,97424.02,95769.66,96489.91,12385.5809
2025-05-02T00:00:00.000,96489.9,97309.78,96350.0,96928.97,6427.34254
2025-05-02T12:00:00.000,96928.97,97895.68,96561.57,96887.14,8478.40557
2025-05-03T00:00:00.000,96887.13,96935.67,95852.29,95942.02,6190.03659
2025-05-03T12:00:00.000,95942.01,96509.44,95753.01,95856.42,3533.31179
2025-05-04T00:00:00.000,95856.42,96304.48,95286.78,95423.2,5450.31681
2025-05-04T12:00:00.000,95423.19,95758.08,94151.38,94277.62,5586.06661
2025-05-05T00:00:00.000,94277.61,94825.46,93514.1,94038.18,9016.98116
2025-05-05T12:00:00.000,94038.19,95199.0,93613.66,94733.68,8234.20073
2025-05-06T00:00:00.000,94733.68,94926.99,93720.63,93812.54,5563.54281
2025-05-06T12:00:00.000,93812.53,96920.65,93377.0,96834.02,10559.10232
2025-05-07T00:00:00.000,96834.02,97732.0,96208.1,97047.43,8650.12689
2025-05-07T12:00:00.000,97047.43,97478.27,95784.61,97030.5,7994.71165
2025-05-08T00:00:00.000,97030.5,99888.0,96876.29,99409.14,14242.01051
2025-05-08T12:00:00.000,99409.15,104145.76,99090.66,103261.6,20720.01796
2025-05-09T00:00:00.000,103261.61,104361.3,102364.0,102958.31,18108.44224
2025-05-09T12:00:00.000,102958.31,103793.66,102315.14,102971.99,9508.95683
2025-05-10T00:00:00.000,102971.99,104100.0,102818.76,103434.94,7137.88556
2025-05-10T12:00:00.000,103434.94,104984.57,103005.33,104809.53,8186.90055
2025-05-11T00:00:00.000,104809.53,104972.0,103345.06,104652.01,9280.99659
2025-05-11T12:00:00.000,104652.01,104888.0,103569.77,104118.0,8706.12538
2025-05-12T00:00:00.000,104118.0,105819.45,103625.0,103762.9,15198.51812
2025-05-12T12:00:00.000,103762.89,104629.96,100718.37,102791.32,16074.2598
2025-05-13T00:00:00.000,102791.32,103822.03,101429.7,103729.2,9696.69964
2025-05-13T12:00:00.000,103729.2,104976.25,102811.32,104103.72,11556.72445
2025-05-14T00:00:00.000,104103.72,104145.0,102875.22,103944.93,8648.73537
2025-05-14T12:00:00.000,103944.93,104356.95,102602.05,103507.82,7804.17273
2025-05-15T00:00:00.000,103507.83,103866.51,101500.0,102371.61,6763.56654
2025-05-15T12:00:00.000,102371.62,104192.7,101383.07,103763.71,11235.4195
2025-05-16T00:00:00.000,103763.71,104466.01,103100.49,103651.71,8751.68845
2025-05-16T12:00:00.000,103651.72,104550.33,103343.07,103463.9,6932.19179
2025-05-17T00:00:00.000,103463.9,103709.86,102612.5,102994.17,6898.06805
2025-05-17T12:00:00.000,102994.18,103477.87,102640.02,103126.65,4352.82817
2025-05-18T00:00:00.000,103126.65,104088.2,103105.09,103800.54,3902.80216
2025-05-18T12:00:00.000,103800.55,106660.0,103285.71,106454.26,17697.1851
2025-05-19T00:00:00.000,106454.27,107108.62,102000.0,102963.41,16412.79094
2025-05-19T12:00:00.000,102963.4,105829.99,102126.16,105573.74,13847.2443
2025-05-20T00:00:00.000,105573.73,106853.27,104847.16,105203.76,11112.64903
2025-05-20T12:00:00.000,105203.75,107320.0,104184.72,106849.99,12592.83372
2025-05-21T00:00:00.000,106850.0,107985.05,106100.01,106546.44,11357.4082
2025-05-21T12:00:00.000,106546.43,110797.38,106117.67,109643.99,34173.632145
2025-05-22T00:00:00.000,109643.99,111880.0,109177.37,110981.97,20135.32294
2025-05-22T12:00:00.000,110981.98,111980.0,110550.0,111696.21,11495.45019
2025-05-23T00:00:00.000,111696.22,111800.0,108888.0,109076.35,10264.99616
2025-05-23T12:00:00.000,109076.36,109992.75,106800.0,107318.3,21472.72693
2025-05-24T00:00:00.000,107318.3,109506.03,106875.41,109208.56,9720.63957
2025-05-24T12:00:00.000,109208.57,109282.81,107500.0,107761.91,7061.89172
2025-05-25T00:00:00.000,107761.9,108288.69,106708.98,107260.0,7188.94945
2025-05-25T12:00:00.000,107259.99,109299.99,106600.64,109004.19,10521.0975
2025-05-26T00:00:00.000,109004.2,110228.11,108670.58,109772.72,7217.48184
2025-05-26T12:00:00.000,109772.73,110422.22,108858.28,109434.79,7431.63409
2025-05-27T00:00:00.000,109434.78,109899.0,107516.57,109585.49,9930.92038
2025-05-27T12:00:00.000,109585.49,110718.0,108600.0,108938.17,11345.73597
2025-05-28T00:00:00.000,108938.17,109284.7,108258.01,108870.38,5286.60164
2025-05-28T12:00:00.000,108870.39,109053.39,106769.43,107781.78,10347.18665
2025-05-29T00:00:00.000,107781.78,108891.91,106948.01,108779.84,7824.43981
2025-05-29T12:00:00.000,108779.83,108797.25,105322.86,105589.75,12010.26135
2025-05-30T00:00:00.000,105589.75,106313.12,104600.5,105880.51,12041.68655
2025-05-30T12:00:00.000,105880.5,106000.0,103621.0,103985.48,11664.81144
2025-05-31T00:00:00.000,103985.47,104292.69,103068.55,103498.18,6133.12538
2025-05-31T12:00:00.000,103498.17,104900.0,103480.11,104591.88,5156.23384
2025-06-01T00:00:00.000,104591.88,104729.99,103752.49,104082.68,3783.3525
2025-06-01T12:00:00.000,104082.67,105866.91,103783.01,105642.93,5926.34756
2025-06-02T00:00:00.000,105642.93,105935.63,103941.0,104047.64,6346.11274
2025-06-02T12:00:00.000,104047.63,105931.44,103659.88,105857.99,7107.87539
2025-06-03T00:00:00.000,105858.0,106500.0,104872.5,105287.24,5760.5498
2025-06-03T12:00:00.000,105287.24,106794.67,105031.6,105376.89,7498.97654
2025-06-04T00:00:00.000,105376.9,106000.0,105080.26,105084.36,7552.64632
2025-06-04T12:00:00.000,105084.36,105542.0,104179.0,104696.86,6482.2485
2025-06-05T00:00:00.000,104696.86,105240.84,104380.0,104827.8,3781.9956
2025-06-05T12:00:00.000,104827.79,105909.71,100372.26,101508.68,18539.50594
2025-06-06T00:00:00.000,101508.69,103991.45,101095.8,103927.99,7249.29098
2025-06-06T12:00:00.000,103927.99,105333.0,103513.7,104288.44,8589.78287
2025-06-07T00:00:00.000,104288.43,105319.13,103871.09,105150.01,3889.5826
2025-06-07T12:00:00.000,105150.01,105900.0,105150.0,105552.15,4455.34946
2025-06-08T00:00:00.000,105552.15,105786.33,104964.14,105686.71,3379.75842
2025-06-08T12:00:00.000,105686.71,106488.14,105520.25,105734.0,4668.30463
2025-06-09T00:00:00.000,105734.01,107806.0,105318.37,107759.21,7690.34612
2025-06-09T12:00:00.000,107759.21,110530.17,106860.0,110263.02,12285.02839
2025-06-10T00:00:00.000,110263.02,110311.82,109056.9,109541.28,7018.59819
2025-06-10T12:00:00.000,109541.93,110400.0,108331.03,110274.39,10053.2302
2025-06-11T00:00:00.000,110274.39,110274.4,109193.89,109252.09,4027.84266
2025-06-11T12:00:00.000,109252.1,110392.01,108064.0,108645.12,9088.07372
2025-06-12T00:00:00.000,108645.13,108813.55,106874.47,106900.95,7960.94376
2025-06-12T12:00:00.000,106900.95,108450.16,105671.72,105671.73,9817.72842
2025-06-13T00:00:00.000,105671.74,105694.0,102664.31,105039.48,18037.05289
2025-06-13T12:00:00.000,105039.48,106179.53,104118.0,106066.59,8143.76445
2025-06-14T00:00:00.000,106066.59,106252.0,104792.98,105082.01,4806.9362
2025-06-14T12:00:00.000,105082.01,105480.0,104300.0,105414.64,3992.00349
2025-06-15T00:00:00.000,105414.63,106128.57,104867.64,104970.51,3198.10028
2025-06-15T12:00:00.000,104970.51,105838.24,104494.53,105594.01,3966.10019
2025-06-16T00:00:00.000,105594.02,107262.31,104980.37,106883.99,6607.1752
2025-06-16T12:00:00.000,106884.0,108952.38,106495.09,106794.53,8315.4902
2025-06-17T00:00:00.000,106794.53,107771.34,105508.23,105641.47,7131.45205
2025-06-17T12:00:00.000,105641.48,105862.03,103371.02,104551.17,10734.8782
2025-06-18T00:00:00.000,104551.17,105550.27,104175.87,104840.59,5005.76786
2025-06-18T12:00:00.000,104840.58,105325.83,103500.0,104886.78,8962.87381
2025-06-19T00:00:00.000,104886.79,105226.17,104457.12,104776.23,3560.94789
2025-06-19T12:00:00.000,104776.23,104917.05,103929.27,104658.59,4117.65948
2025-06-20T00:00:00.000,104658.59,106524.65,104238.02,105977.82,5767.31416
2025-06-20T12:00:00.000,105977.82,106149.17,102345.0,103297.99,10651.74867
2025-06-21T00:00:00.000,103297.98,103982.64,103127.48,103874.64,2625.90734
2025-06-21T12:00:00.000,103874.63,103946.47,100837.9,102120.01,8528.30598
2025-06-22T00:00:00.000,102120.02,103399.62,101839.96,102739.48,7622.94676
2025-06-22T12:00:00.000,102739.47,102831.0,98200.0,100963.87,21123.46396
2025-06-23T00:00:00.000,100963.87,102137.0,100494.25,101289.01,7966.81348
2025-06-23T12:00:00.000,101289.0,106074.2,99613.33,105333.93,19699.69261
2025-06-24T00:00:00.000,105333.94,105811.0,104622.02,105170.0,8257.98683
2025-06-24T12:00:00.000,105169.99,106290.0,104800.98,106083.0,6393.70652
2025-06-25T00:00:00.000,106083.0,107237.44,105808.03,107198.02,5975.53353
2025-06-25T12:00:00.000,107198.02,108135.3,106752.36,107340.58,10725.62198
2025-06-26T00:00:00.000,107340.59,108272.45,107105.43,107325.41,5198.09883
2025-06-26T12:00:00.000,107325.42,108000.0,106562.5,106947.06,5375.17396
2025-06-27T00:00:00.000,106947.06,107735.34,106438.33,106983.6,5736.43934
2025-06-27T12:00:00.000,106983.6,107709.22,106356.76,107047.59,6496.00108
2025-06-28T00:00:00.000,107047.58,107496.12,106811.51,107373.39,1688.96703
2025-06-28T12:00:00.000,107373.39,107577.75,107084.15,107296.79,1593.20649
2025-06-29T00:00:00.000,107296.79,108484.0,107172.52,108477.11,2863.53883
2025-06-29T12:00:00.000,108477.12,108528.5,107250.0,108356.93,3968.19757
2025-06-30T00:00:00.000,108356.93,108789.99,107400.0,107654.2,4387.64822
2025-06-30T12:00:00.000,107654.21,107858.79,106733.33,107146.5,5366.47669
2025-07-01T00:00:00.000,107146.51,107540.0,106301.86,106605.8,3676.2547
2025-07-01T12:00:00.000,106605.79,107179.99,105250.85,105681.14,6829.36967
2025-07-02T00:00:00.000,105681.13,107860.23,105100.19,107479.99,5504.83421
2025-07-02T12:00:00.000,107479.98,109730.0,107186.1,108849.6,12187.06171
2025-07-03T00:00:00.000,108849.59,110273.21,108530.4,109599.19,6250.1341
2025-07-03T12:00:00.000,109599.18,110529.18,108749.99,109584.78,6796.94815
2025-07-04T00:00:00.000,109584.77,109767.59,108518.83,108888.0,3698.17462
2025-07-04T12:00:00.000,108888.0,108978.64,107245.0,107984.24,8095.69153
2025-07-05T00:00:00.000,107984.25,108420.56,107756.31,108112.21,2102.14801
2025-07-05T12:00:00.000,108112.2,108250.0,107864.75,108198.12,1634.82769
2025-07-06T00:00:00.000,108198.12,108268.35,107800.01,108076.01,1636.14751
2025-07-06T12:00:00.000,108076.0,109700.0,108045.76,109203.84,4811.45949
2025-07-07T00:00:00.000,109203.85,109700.0,108572.52,108642.01,4175.99385
2025-07-07T12:00:00.000,108642.01,108660.0,107513.2,108262.94,5229.38216
2025-07-08T00:00:00.000,108262.94,109005.0,107429.57,108756.37,4335.86362
2025-07-08T12:00:00.000,108756.37,109216.56,108096.55,108922.98,4880.15718
2025-07-09T00:00:00.000,108922.99,109136.0,108324.53,109058.27,3272.39757
2025-07-09T12:00:00.000,109058.27,111999.79,108503.0,111233.99,14009.88893
2025-07-10T00:00:00.000,111234.0,111581.0,110870.33,111019.99,4762.64176
2025-07-10T12:00:00.000,111019.99,116868.0,110500.0,116010.0,20120.808905
2025-07-11T00:00:00.000,116010.01,118869.98,115222.22,117821.91,17060.906288
2025-07-11T12:00:00.000,117821.91,118259.24,116604.87,117527.66,8812.61486
2025-07-12T00:00:00.000,117527.66,118200.0,117141.13,117810.0,3885.88023
2025-07-12T12:00:00.000,117810.0,117861.19,116900.05,117420.0,4560.72414
2025-07-13T00:00:00.000,117420.0,118086.66,117224.79,118072.01,2249.84023
2025-07-13T12:00:00.000,118072.01,119488.0,117989.53,119086.64,7300.952717
2025-07-14T00:00:00.000,119086.65,123218.0,118905.18,121467.24,15679.668377
2025-07-14T12:00:00.000,121467.23,122120.0,119202.0,119841.18,11589.6805
2025-07-15T00:00:00.000,119841.17,119940.83,116250.0,117113.98,15714.55039
2025-07-15T12:00:00.000,117113.98,118490.71,115736.92,117758.09,16303.91044
2025-07-16T00:00:00.000,117758.08,119310.75,117017.29,118769.06,6372.811
2025-07-16T12:00:00.000,118769.06,120063.84,118181.14,118630.43,10667.09751
2025-07-17T00:00:00.000,118630.44,119192.0,117683.53,117995.0,6356.57902
2025-07-17T12:00:00.000,117995.0,120998.71,117453.57,119177.56,9371.99749
2025-07-18T00:00:00.000,119177.56,120820.71,118395.0,119171.34,10136.54352
2025-07-18T12:00:00.000,119171.35,119531.48,116812.76,117924.84,9788.11914
2025-07-19T00:00:00.000,117924.84,118499.9,117613.35,118327.06,3275.15727
2025-07-19T12:00:00.000,118327.05,118327.06,117277.34,117840.0,3360.64579
2025-07-20T00:00:00.000,117840.01,118277.17,117650.0,117878.46,3957.0457
2025-07-20T12:00:00.000,117878.46,118856.8,116467.02,117265.12,9005.88319
2025-07-21T00:00:00.000,117265.11,119676.73,116515.0,118070.17,8090.17786
2025-07-21T12:00:00.000,118070.17,119233.71,116656.88,117380.36,9017.15342
2025-07-22T00:00:00.000,117380.36,119188.3,116128.0,119154.99,11364.09723
2025-07-22T12:00:00.000,119154.99,120247.8,117550.0,119954.42,9595.0325
2025-07-23T00:00:00.000,119954.43,120090.0,117844.24,118538.46,5433.45623
2025-07-23T12:00:00.000,118538.46,118756.0,117301.0,118755.99,9125.2946
2025-07-24T00:00:00.000,118756.0,119273.36,117103.1,118600.0,8069.37388
2025-07-24T12:00:00.000,118600.0,119450.0,117832.32,118340.99,7737.51655
2025-07-25T00:00:00.000,118340.98,118451.57,114723.16,116543.58,27178.66792
2025-07-25T12:00:00.000,116543.59,117630.0,114908.0,117614.31,11227.68081
2025-07-26T00:00:00.000,117614.31,118217.45,117138.38,117776.11,3778.0324
2025-07-26T12:00:00.000,117776.1,118297.35,117772.13,117919.99,3213.63966
2025-07-27T00:00:00.000,117919.99,118438.83,117825.5,118072.71,2651.68869
2025-07-27T12:00:00.000,118072.71,119766.65,117890.0,119415.55,6676.6205
2025-07-28T00:00:00.000,119415.56,119800.0,118475.47,118827.49,6244.77608
2025-07-28T12:00:00.000,118827.49,119093.68,117427.5,118062.32,7716.97146
2025-07-29T00:00:00.000,118062.32,119273.36,117450.0,118592.38,6785.8239
2025-07-29T12:00:00.000,118592.38,119080.81,116950.75,117950.76,8352.11055
2025-07-30T00:00:00.000,117950.75,118481.81,117358.84,117579.99,4686.49264
2025-07-30T12:00:00.000,117579.99,118792.0,115796.23,117840.3,10900.24367
2025-07-31T00:00:00.000,117840.29,118922.45,117781.87,118371.25,5505.74697
2025-07-31T12:00:00.000,118371.25,118879.14,115500.0,115764.08,11504.26033
2025-08-01T00:00:00.000,115764.07,116052.0,114116.0,115305.65,11731.36222
2025-08-01T12:00:00.000,115305.64,116019.3,112722.58,113297.93,12755.73984
2025-08-02T00:00:00.000,113297.92,114063.49,113198.63,113787.12,4232.72489
2025-08-02T12:00:00.000,113787.11,113787.12,112003.0,112546.35,7274.60939
2025-08-03T00:00:00.000,112546.35,114260.31,111920.0,113862.18,4131.02984
2025-08-03T12:00:00.000,113862.19,114799.97,113579.69,114208.8,3266.73062
2025-08-04T00:00:00.000,114208.81,115000.0,114107.6,114493.09,3934.92387
2025-08-04T12:00:00.000,114493.09,115720.0,114121.0,115055.03,5732.75529
2025-08-05T00:00:00.000,115055.03,115127.81,113725.72,114827.07,5118.0295
2025-08-05T12:00:00.000,114827.07,114893.13,112650.0,114129.75,6924.76128
2025-08-06T00:00:00.000,114129.75,114417.02,113355.13,114226.69,3778.86599
2025-08-06T12:00:00.000,114226.68,115716.0,113579.9,114992.27,5982.28719
2025-08-07T00:00:00.000,114992.27,116828.93,114259.0,116519.53,6181.98433
2025-08-07T12:00:00.000,116519.54,117621.0,115632.31,117472.01,7286.5783
2025-08-08T00:00:00.000,117472.02,117630.0,116317.08,116891.51,4959.17476
2025-08-08T12:00:00.000,116891.51,117271.73,115878.71,116674.74,5086.13802
2025-08-09T00:00:00.000,116674.74,117944.05,116299.13,117110.0,5346.27635
2025-08-09T12:00:00.000,117110.0,117238.04,116359.89,116462.25,4167.85509
2025-08-10T00:00:00.000,116462.25,118741.77,116460.63,118330.58,7843.09207
2025-08-10T12:00:00.000,118330.58,119311.11,118074.99,119294.01,6479.67866
2025-08-11T00:00:00.000,119294.27,122335.16,118972.59,120561.54,16122.34779
2025-08-11T12:00:00.000,120561.53,120794.05,118050.11,118686.0,10371.9865
2025-08-12T00:00:00.000,118686.0,119275.46,118207.47,118522.22,7376.39825
2025-08-12T12:00:00.000,118522.22,120324.43,118285.0,120134.08,9343.71068
2025-08-13T00:00:00.000,120134.09,120732.94,118920.92,120570.41,7898.28961
2025-08-13T12:00:00.000,120570.41,123667.79,120106.02,123306.43,15311.78141
2025-08-14T00:00:00.000,123306.44,124474.0,120694.0,120949.67,10693.622496
2025-08-14T12:00:00.000,120949.66,121183.06,117180.0,118295.09,17287.32509
2025-08-15T00:00:00.000,118295.09,119216.82,118032.32,119006.01,4746.28734
2025-08-15T12:00:00.000,119006.01,119130.77,116803.99,117342.05,8877.0514
2025-08-16T00:00:00.000,117342.04,117898.99,117143.98,117378.52,3551.82276
2025-08-16T12:00:00.000,117378.52,117825.0,117219.34,117380.66,2841.85841
2025-08-17T00:00:00.000,117380.66,118484.0,117172.21,118308.01,2887.88975
2025-08-17T12:00:00.000,118308.0,118575.0,117321.53,117405.01,3010.75217
2025-08-18T00:00:00.000,117405.01,117543.75,114640.14,114947.27,12028.83697
2025-08-18T12:00:00.000,114947.27,116980.0,114825.0,116227.05,5717.10257
2025-08-19T00:00:00.000,116227.05,116725.69,114366.0,115508.71,6361.06346
2025-08-19T12:00:00.000,115508.71,115875.84,112732.58,112872.94,11704.41078
2025-08-20T00:00:00.000,112872.95,114016.77,112566.01,113666.68,6836.62702
2025-08-20T12:00:00.000,113666.69,114615.38,112380.0,114271.24,8799.71492
2025-08-21T00:00:00.000,114271.23,114821.76,113000.0,113148.66,4748.74208
2025-08-21T12:00:00.000,113148.65,113995.11,112015.67,112500.0,6090.95027
2025-08-22T00:00:00.000,112500.0,113525.0,112177.27,112320.0,5198.88819
2025-08-22T12:00:00.000,112320.01,117429.05,111684.79,116935.99,17929.20218
2025-08-23T00:00:00.000,116936.0,117030.0,115223.43,115310.13,6219.66172
2025-08-23T12:00:00.000,115310.13,115486.97,114560.0,115438.05,5109.70025
2025-08-24T00:00:00.000,115438.06,115666.68,114600.0,114730.22,5935.09088
2025-08-24T12:00:00.000,114730.22,114917.1,110680.0,113493.59,15240.89374
2025-08-25T00:00:00.000,113493.59,113667.28,110929.48,111214.97,10467.25599
2025-08-25T12:00:00.000,111214.97,112937.26,109274.1,110111.98,14715.5378
2025-08-26T00:00:00.000,110111.98,110547.31,108666.66,109876.52,7917.54604
2025-08-26T12:00:00.000,109876.53,112371.0,109393.93,111763.22,10534.89273
2025-08-27T00:00:00.000,111763.22,111825.16,110345.42,111322.07,5576.3436
2025-08-27T12:00:00.000,111322.07,112625.0,110921.79,111262.01,7816.26515
2025-08-28T00:00:00.000,111262.01,113360.0,110862.42,112909.18,5104.7398
2025-08-28T12:00:00.000,112909.18,113485.9,111872.06,112566.9,5999.53764
2025-08-29T00:00:00.000,112566.9,112638.64,109414.18,110098.81,9232.28827
2025-08-29T12:00:00.000,110098.81,111517.07,107463.9,108377.4,13348.02218
2025-08-30T00:00:00.000,108377.4,108777.43,107350.1,108680.01,7713.41649
2025-08-30T12:00:00.000,108680.01,108926.15,108190.52,108816.33,2994.9751
2025-08-31T00:00:00.000,108816.33,109480.02,108303.21,108389.76,4524.98537
2025-08-31T12:00:00.000,108389.77,109237.51,108076.93,108246.35,4964.53059
2025-09-01T00:00:00.000,108246.36,109912.4,107255.0,108782.88,9221.80502
2025-09-01T12:00:00.000,108782.89,109520.0,107459.49,109237.42,6831.79717
2025-09-02T00:00:00.000,109237.43,110711.1,108883.8,109733.34,7580.75207
2025-09-02T12:00:00.000,109733.33,111771.52,108393.39,111240.01,10929.53549
2025-09-03T00:00:00.000,111240.01,111782.21,110528.71,111437.77,5318.15374
2025-09-03T12:00:00.000,111437.77,112575.27,111031.61,111705.71,6455.5671
2025-09-04T00:00:00.000,111705.72,112180.0,110279.68,110810.0,5029.48833
2025-09-04T12:00:00.000,110810.0,111765.31,109329.12,110730.87,7173.64703
2025-09-05T00:00:00.000,110730.87,112999.0,110435.75,112354.0,7103.57995
2025-09-05T12:00:00.000,112354.0,113384.62,110206.96,110659.99,14483.82893
2025-09-06T00:00:00.000,110660.0,111307.7,110552.56,110781.02,2110.06835
2025-09-06T12:00:00.000,110781.03,110999.83,109977.0,110187.97,2890.23062
2025-09-07T00:00:00.000,110187.98,111377.19,110180.0,111292.13,3035.79809
2025-09-07T12:00:00.000,111292.12,111600.0,110861.2,111137.34,2645.50135
2025-09-08T00:00:00.000,111137.35,112186.98,110621.78,112052.43,5755.28384
2025-09-08T12:00:00.000,112052.43,112924.37,111877.64,112065.23,5827.11827
2025-09-09T00:00:00.000,112065.23,113293.29,111111.0,112433.59,6847.285
2025-09-09T12:00:00.000,112433.59,112950.0,110766.66,111546.39,8531.99748
2025-09-10T00:00:00.000,111546.38,112859.8,110917.45,112299.99,6723.89868
2025-09-10T12:00:00.000,112300.0,114313.13,112299.99,113960.0,10793.51955
2025-09-11T00:00:00.000,113960.0,114459.65,113669.82,113999.99,5063.37497
2025-09-11T12:00:00.000,113999.99,115488.09,113430.0,115482.69,8613.35622
2025-09-12T00:00:00.000,115482.69,116331.81,114888.01,114913.45,7292.20889
2025-09-12T12:00:00.000,114913.45,116665.63,114740.99,116029.42,8031.8983
2025-09-13T00:00:00.000,116029.41,116298.78,115576.26,115974.11,4545.42199
2025-09-13T12:00:00.000,115974.11,116060.0,115127.27,115918.29,3723.98195
2025-09-14T00:00:00.000,115918.29,116165.19,115449.59,115794.91,2634.83266
2025-09-14T12:00:00.000,115794.92,116087.35,115135.0,115268.01,4072.76931
2025-09-15T00:00:00.000,115268.01,116757.99,114625.87,115070.0,7434.22978
2025-09-15T12:00:00.000,115070.01,115605.07,114384.0,115349.71,5778.28171
2025-09-16T00:00:00.000,115349.71,116009.62,114930.0,115287.83,4110.00819
2025-09-16T12:00:00.000,115287.84,116964.27,114737.11,116788.96,6816.90121
2025-09-17T00:00:00.000,116788.96,117286.73,116160.22,116258.13,5797.87426
2025-09-17T12:00:00.000,116258.12,116990.68,114720.81,116447.59,10956.37114
2025-09-18T00:00:00.000,116447.6,117896.0,116092.76,117063.4,6037.06096
2025-09-18T12:00:00.000,117063.41,117900.0,116612.03,117073.53,5620.17269
2025-09-19T00:00:00.000,117073.53,117459.99,116300.0,116394.72,4108.30721
2025-09-19T12:00:00.000,116394.72,116529.08,115100.0,115632.38,4883.78344
2025-09-20T00:00:00.000,115632.39,115985.2,115408.47,115894.06,2269.5701
2025-09-20T12:00:00.000,115894.05,116121.81,115603.42,115685.63,2405.35742
2025-09-21T00:00:00.000,115685.63,115819.06,115329.03,115603.45,2512.85197
2025-09-21T12:00:00.000,115603.45,115747.23,115188.0,115232.29,1998.67022
2025-09-22T00:00:00.000,115232.29,115379.25,111800.0,112876.97,13421.62387
2025-09-22T12:00:00.000,112876.97,113432.76,111936.4,112650.99,7360.08969
2025-09-23T00:00:00.000,112650.99,113281.5,111478.0,112975.99,6717.48854
2025-09-23T12:00:00.000,112975.99,113290.5,111458.73,111998.8,5583.83176
2025-09-24T00:00:00.000,111998.8,113162.17,111042.66,113029.46,7321.45167
2025-09-24T12:00:00.000,113029.45,113940.0,112808.0,113307.0,5047.808
2025-09-25T00:00:00.000,113307.01,113510.23,111283.63,111348.0,8267.58603
2025-09-25T12:00:00.000,111347.99,111729.52,108631.51,108994.49,12963.56354
2025-09-26T00:00:00.000,108994.49,109798.84,108620.07,109133.5,8054.55592
2025-09-26T12:00:00.000,109133.5,110300.0,108764.76,109643.46,6188.45999
2025-09-27T00:00:00.000,109643.46,109743.91,109064.4,109310.21,3306.79064
2025-09-27T12:00:00.000,109310.22,109699.98,109193.0,109635.85,2194.99579
2025-09-28T00:00:00.000,109635.85,109787.75,109250.0,109369.02,2254.13364
2025-09-28T12:00:00.000,109369.02,112350.0,109189.99,112163.95,5288.19796
2025-09-29T00:00:00.000,112163.96,112421.99,111560.65,112100.0,6255.07573
2025-09-29T12:00:00.000,112100.0,114400.0,111901.26,114311.96,9286.04432
2025-09-30T00:00:00.000,114311.97,114792.0,112656.27,113055.01,7690.49407
2025-09-30T12:00:00.000,113055.0,114754.87,112800.0,114048.93,7353.66226
2025-10-01T00:00:00.000,114048.94,116795.85,113966.67,116789.58,9256.93516
2025-10-01T12:00:00.000,116789.57,118649.1,116363.38,118594.99,10779.46
2025-10-02T00:00:00.000,118594.99,119456.92,118279.31,118765.73,7419.72058
2025-10-02T12:00:00.000,118765.72,121022.07,118516.39,120529.35,12251.11445
2025-10-03T00:00:00.000,120529.35,120550.9,119248.3,120334.5,8029.97572
2025-10-03T12:00:00.000,120334.51,123894.99,119881.24,122232.0,15906.35228
2025-10-04T00:00:00.000,122232.21,122800.0,121684.97,121973.26,4515.48884
2025-10-04T12:00:00.000,121973.26,122509.52,121510.0,122391.0,3692.67794
2025-10-05T00:00:00.000,122390.99,125708.42,122136.0,123464.64,16009.884993
2025-10-05T12:00:00.000,123464.64,123548.83,122301.63,123482.31,6033.21256
2025-10-06T00:00:00.000,123482.32,124531.66,123084.0,124215.0,8004.12459
2025-10-06T12:00:00.000,124215.0,126199.63,124178.0,124658.54,11490.504203
2025-10-07T00:00:00.000,124658.54,125082.27,123322.9,124453.38,6673.56984
2025-10-07T12:00:00.000,124453.37,125126.0,120574.94,121332.95,14960.42401
2025-10-08T00:00:00.000,121332.96,123200.0,121066.14,122884.14,8486.36814
2025-10-08T12:00:00.000,122884.14,124197.25,121649.68,123306.0,8526.24986
2025-10-09T00:00:00.000,123306.01,123348.32,121145.49,122737.57,6459.76735
2025-10-09T12:00:00.000,122737.56,123762.94,119651.47,121662.4,15099.59272
